,0
abstract,32
infections,5
in,242
childhood,1
play,2
an,24
essential,4
role,6
the,388
pathogenesis,5
of,369
cognitive,6
and,319
psycho-emotional,1
disorders,4
one,8
possible,5
mechanisms,10
these,11
impairments,2
is,37
changes,14
functional,4
properties,3
nmda,3
ampa,3
glutamate,3
receptors,4
brain,9
we,40
suggest,4
that,33
bacterial,3
during,11
early,14
life,4
period,3
which,9
critical,3
for,86
excitatory,2
synapse,2
maturation,2
can,3
affect,4
subunit,2
composition,2
present,4
study,41
investigated,2
effect,11
repetitive,1
lipopolysaccharide,1
lps,1
intraperitoneal,1
ip,1
administration,4
25 μg/kg/day,1
on,37
p14,1
16,4
18,6
mimicking,2
infectious,2
disease,28
expression,22
subunits,1
young,3
rats,20
revealed,7
a,84
substantial,1
decrease,1
glun2b,1
hippocampus,8
at,31
p23,1
using,14
western,2
blot,2
analysis,13
real-time,1
polymerase,1
chain,1
reaction,2
assay,3
moderate,2
were,76
also,10
found,8
glun1,1
glun2a,1
glua1,1
mrna,9
lps-treated,1
exhibited,2
decreased,5
exploratory,2
locomotor,1
activity,6
open,2
field,1
test,2
impairment,7
spatial,1
learning,1
morris,1
water,1
maze,1
behavioral,2
accompanied,3
by,48
significant,7
reduction,8
long-term,5
hippocampal,1
synaptic,2
potentiation,3
our,12
data,15
indicate,1
lps-treatment,1
alters,2
ionotropic,2
receptor,7
gene,8
disturbs,1
plasticity,2
behavior,1
prolonged,2
exposure,6
to,129
manganese,2
mn,4
may,15
lead,3
toxic,1
effects,7
central,4
nervous,1
system,5
cns,2
underlying,4
neuronal,1
death,3
from,32
are,24
not,16
well,5
understood,1
but,7
undoubtedly,1
involve,1
inflammatory,5
processes,2
aim,5
this,21
was,85
explore,1
long-lasting,2
intranasal,4
focusing,1
catecholamine,1
dopamine,10
norepinephrine,2
levels,11
striatum,5
it,7
instillation,1
mncl2,2
solution,2
once,1
day,8
90,1
days,7
leads,1
impaired,3
movement,1
gait,1
observed,11
concentration,3
increased,18
30,4
%,27
220,2
24,3
dopac,2
35,3
reduced,2
190,1
with,141
simultaneously,1
observation,1
cytokine,11
both,13
assayed,1
cytokines,6
il-1β,1
tnf-α,1
there,6
3-fold,1
increase,7
iba-1,1
2-fold,1
nfκb,1
dramatic,1
ikb,1
taken,1
together,4
high,4
dose,1
induces,2
neuroinﬂammation,2
neurotransmission,1
disturbance,2
specific,5
each,5
studied,8
region,1
shortly,1
after,15
syphilis,2
appeared,2
europe,1
time,8
columbus’,1
voyage,1
new,3
world,3
big,1
pox,1
as,25
often,2
known,2
became,1
serious,1
issue,1
russia,3
diagnosis,6
treatment,18
prevention,1
members,3
russian,5
royal,1
family,1
made,3
aware,2
adolescence,1
onward,1
czar,1
peter,4
great,2
had,13
many,5
sexual,1
contacts,1
could,5
have,8
contracted,2
any,5
number,4
sexually,2
transmitted,2
diseases,2
stds,1
quite,1
common,8
his,2
era,2
nevertheless,1
contributions,2
analyzed,4
available,3
sources,3
contemporary,1
doctors,1
later,2
medical,1
analyses,1
reveal,2
no,8
evidence,6
he,2
or,22
other,10
std,1
most,11
likely,3
died,1
acute,10
renal,1
failure,1
due,2
urinary,1
tract,4
obstruction,1
upper,4
respiratory,3
world's,1
etiologic,1
agents,2
behind,1
urtis,1
fact,1
diverse,2
set,1
pathogens,7
such,7
influenza,6
parainfluenza,1
adenovirus,1
rhinovirus,1
others,1
more,10
than,11
200,1
be,14
involved,2
differential,3
viral,5
sometimes,1
complicated,1
their,8
diversity,1
similarity,1
clinical,16
presentation,1
work,3
devoted,2
development,6
method,6
enables,1
simultaneous,2
detection,2
six,5
urti,1
iav,2
ibv,1
rsv,1
hadv,1
hpiv2,1
hpiv3,1
antibody,6
microarray,4
technology,2
utilized,1
accomplish,1
preparation,2
protein,8
microchip,4
creation,1
produced,2
characterized,6
selected,2
approximately,2
50,4
monoclonal,3
antibodies,2
aforementioned,1
optimal,2
pair,1
created,1
its,4
core,1
working,3
conditions,3
optimized,1
balance,3
between,10
convenience,1
maximal,1
sensitivity,2
mind,2
one-step,1
approach,1
developed,3
accomplishing,1
elisa-like,1
sandwich,1
interaction,1
manufactured,1
reference,6
strains,1
used,7
establish,1
lower,10
limits,4
lod,3
025 ng/ml,1
total,3
viruses,3
ranged,1
1,18
2 ng/ml,1
slightly,1
better,2
those,6
standard,3
elisa,2
inferior,1
pcr,1
overall,11
believe,1
good,2
alternative,1
existing,1
methods,17
allowing,1
relatively,1
quick,1
overnight,1
inexpensive,1
screening,2
several,1
design,4
conducive,1
further,4
panel,1
expanded,1
include,2
fullerene,3
c60,1
has,7
potential,5
application,2
various,2
fields,1
biomedicine,1
including,12
reactive,1
oxygen,1
species,1
ros,1
scavenging,2
inhibiting,1
tumours,1
inactivating,1
bacteria,1
elaboration,1
diagnostic,4
targeted,1
drug,2
delivery,1
tools,1
however,5
hydrophobicity,1
molecule,1
impedes,1
practical,1
use,4
therefore,2
actuality,1
research,9
functionalisation,1
fullerenes,1
leading,3
amphiphilic,1
derivatives,1
remains,1
important,4
water-soluble,2
carboxylated,1
derivative,2
c60ccooh23,3
extensive,1
biomedical,2
investigation,1
compound,1
namely,1
binding,1
human,7
serum,3
albumin,1
hsa,1
radical,2
diphenylpicrylhydrazyl,1
dpph,1
photodynamic,1
cytotoxicity,1
embryonic,1
kidney,1
hek293,1
cell,8
line,2
erythrocytes',1
haemolysis,1
platelet,1
aggregation,1
genotoxicity,1
peripheral,6
mononuclear,1
cells,7
pbmc,1
conducted,3
moreover,2
dynamic,3
structural,2
characteristics,1
c60ccooh23–h2o,1
binary,1
obtained,4
molecular,6
md,1
size,7
distribution,2
associates,1
measured,1
aims,3
single-center,1
retrospective,3
evaluated,4
whether,1
level,14
different,5
checkpoint,6
molecules,3
bone,5
marrow,7
biopsies,2
course,3
patients,72
myelodysplastic,2
syndrome,3
mds,3
results,22
consecutive,2
cohort,8
55,2
treated,7
center,1
2003,1
2018,2
technique,1
able,2
detect,1
following,2
antigens,1
pd-1,2
pd-l1,5
pd-l2,2
lag-3,1
gal-9,2
tim-3,3
cd80,4
association,7
3-year,3
relapse-free,3
survival,14
time-to-progression,1
intensive,1
100%,1
cases,7
follow-up,8
progression,8
seen,1
729%,1
521%,1
low,5
p004,1
ctla4,1
ligands,2
co-expressed,1
majority,2
general,2
ligand,2
associated,14
incidence,4
672%,1
progressed,1
while,5
group,33
only,11
333%,1
p0059,1
tim3,1
blasts,1
risk,14
according,3
ipss,1
ipss-r,1
scales,4
conclusions,4
preliminary,2
underlined,1
heterogeneous,1
immune,9
warrants,1
studies,6
define,1
heterogeneity,1
develop,3
approaches,1
background,5
covid-19,12
pandemic,6
broadly,1
disrupted,1
non-invasive,1
stimulation,9
nibs,10
rapid,3
onset,7
societal,1
disruption,1
evolving,1
regulatory,4
restrictions,2
allowed,1
systematic,4
planning,1
how,2
continue,1
throughout,1
restarted,1
abated,1
urgency,1
provide,3
intervention,1
neurological,3
mental,3
health,4
indications,1
catalyst,1
fundamental,1
dampened,1
parallel,1
efforts,1
address,2
life-threatening,1
aspects,2
rather,1
need,4
heightened,1
mitigate,1
consequences,1
related,3
objective,3
facilitate,1
re-establishment,1
access,2
services,3
operations,3
current,6
future,4
outbreaks,1
discuss,3
framework,1
balancing,1
importance,3
safety,7
considerations,4
addressing,3
needs,1
all,8
stakeholders,1
focus,2
transcranial,4
magnetic,2
tms,1
intensity,2
electrical,3
tes,1
-,1
direct,1
tdcs,1
alternating,1
tacs,1
consensus,1
paper,2
provides,1
guidelines,2
practices,2
managing,2
reopening,1
clinics,1
laboratories,1
through,4
immediate,1
ongoing,2
stages,5
document,1
reflects,1
experts,1
domain-relevant,1
expertise,1
spanning,2
basic,2
–,1
international,2
perspective,1
outline,1
resources,1
optimization,1
accommodations,1
demographics,1
model,5
based,3
three,10
phases,1
impact,1
11-step,1
checklist,1
removing,1
streamlining,1
in-person,1
protocols,1
incorporating,1
telemedicine,1
covid-19-associated,1
adverse,7
events,6
proposed,2
recommendations,1
implementing,1
social,1
distancing,1
sterilization,1
equipment,1
positive,2
populations,2
comorbidities,1
regarding,3
resource,1
outlined,1
specifically,1
sub-populations,1
pediatric,1
stroke,1
addiction,1
elderly,1
numerous,2
case-examples,1
across,1
described,2
conclusion,9
evident,1
urgent,1
maintain,1
anticipating,1
waves,1
robust,1
structured,1
strategy,1
anticipated,1
challenges,1
maintaining,1
scientific,2
rigor,1
genetic,3
markers,5
determine,2
prognosis,2
multiple,8
sclerosis,4
ms,5
still,2
limited,2
galanin,3
polymorphism,5
rs948854,5
been,7
demonstrated,9
earlier,3
objectives,4
confirm,1
findings,6
distinct,1
previously,1
candidates,1
stratification,1
assess,1
rate,5
severity,6
score,2
msss,2
age,23
armss,1
along,2
index,2
pi,1
minor,4
allele,4
confirming,1
proportion,1
msss  5,1
among,3
g,5
carriers,2
genotypes,1
ag,1
gg,1
compared,20
aa,1
genotype,1
furthermore,2
correlated,3
value,1
late,5
years,12
collectively,1
support,1
contribution,2
summary,3
purpose,1
describe,1
analyze,2
patient,5
recurrent,4
idiopathic,4
exudative,2
polymorphous,2
vitelliform,3
maculopathy,2
aepvm,5
followed,3
detail,1
propose,1
algorithm,2
observational,1
adult,3
male,2
diagnosed,1
who,5
two,8
relapses,2
12-month,1
eight,1
initial,4
review,7
charts,1
multimodal,2
imaging,3
electrophysiology,2
repeatedly,1
underwent,2
complete,2
ophthalmic,1
examinations,3
best-corrected,1
visual,4
acuity,1
testing,2
bcva,1
slit-lamp,1
fundus,5
digital,1
photography,1
time-domain,1
optical,1
coherence,1
tomography,2
oct,4
2009,1
stratus,1
carl,1
zeiss,1
meditec,1
usa,1
spectral-domain,1
2017–2018,1
spectralis-oct,1
heidelberg,2
engineering,2
germany,2
autofluorescence,3
faf,1
fluorescein,1
angiography,2
fa,2
indocyanine,1
green,1
icga,1
hra2,1
microperimetry,1
mp-1,1
microperimeter,1
nidek,1
japan,2
laser,2
flare,1
photometry,1
kowa,1
fm-600,1
performed,5
main,2
outcome,6
measures,1
features,5
rare,1
case,4
report,3
25-year-old,1
caucasian,2
typical,1
serous,2
neuroepithelial,1
detachment,1
irregular,1
retinal,4
elevations,2
ophthalmoscopically,1
resembling,1
folds,2
subsequent,1
subretinal,1
accumulation,2
characteristic,1
yellow–white,1
deposits,1
rarely,1
even,3
yet,1
reported,6
indocyanine-,1
fluorescein-negative,1
intraretinal,1
cystic,1
optic,1
disc,1
hyperfluorescence,1
choroidal,1
thickness,1
lack,1
recovery,4
very,5
slow,2
anatomical,1
improvement,2
bimonthly,2
evaluation,4
sd-oct,2
informative,1
demonstrating,1
evolution,1
pathological,1
signs,1
chronic,3
condition,1
uncertain,1
outcomes,6
variable,1
presentations,1
depending,1
stage,2
manifestations,3
pathologic,1
process,1
overlap,1
should,4
occurs,1
slowly,1
if,1
recommended,2
allogeneic,1
hematopoietic,2
transplantation,7
hct,2
high-risk,1
t,2
lymphoblastic,2
leukemia,5
t-all,2
without,6
hla-identical,1
donor,1
haploidentical,4
haplo-,1
becoming,1
source,1
stem,2
donation,1
scarce,1
predictive,2
factors,2
setting,2
identified,3
122,2
adults,1
20%,2
female,1
median,12
31,3
range,3
68,3
haplo-hct,3
post-transplantation,4
cyclophosphamide,4
ptcy,8
2010,1
2017,1
duration,4
living,1
23,1
months,19
2-year,3
incidences,1
relapse,2
nonrelapse,2
mortality,3
45%,1
21%,3
respectively,11
leukemia-free,2
lfs,8
os,13
graft-versus-host,2
grfs,1
34%,2
42%,1
27%,1
highly,3
influenced,2
status,3
being,1
49%,1
55%,1
first,8
remission,1
cr1,1
50%,2
second,6
cr,2
cr2,2
8%,1
12%,1
active,5
multivariate,2
negatively,2
affected,5
whereas,4
encouraging,1
challenging,1
particularly,1
when,2
despite,3
limitation,1
small,2
sample,1
type,2
conditioning,5
calling,1
into,4
question,1
body,2
irradiation-based,1
myeloablative,1
hiv,4
heavy,5
drinking,4
smoking,8
pro-inflammatory,1
coronary,1
heart,1
chd,3
interventions,1
reduce,4
alcohol,8
hiv-positive,4
people,1
inflammation,2
varenicline,4
cytisine,4
proven,2
therapies,2
cessation,2
consumption,3
comparative,4
efficacy,8
tested,2
nor,2
effectiveness,1
describes,1
protocol,3
studying,1
partial,2
agonists,1
ethanol,1
tobacco,3
elimination,1
russians,1
st,4
four-arm,1
parallel-group,1
randomized,6
controlled,4
trial,4
comparing,2
nicotine,1
replacement,1
therapy,9
nrt,3
recruiting,1
four,2
hundred,1
smokers,3
interested,1
cutting,1
down,1
and/or,2
petersburg,2
participants,7
randomly,1
assigned,1
receive,2
either,3
varenicline  nrt,1
placebo,3
placebo  active,2
cytisine  nrt,1
evidence-based,1
counseling,1
medication,2
past,1
month,1
primary,4
craving,1
2,15
cigarettes,1
per,3
3,10
7-day,1
point,2
prevalence,1
abstinence,1
addresses,1
paucity,1
guide,1
here,8
evaluate,3
mast,4
infection,5
a/h5n1,2
virus,2
immunized,3
mice,7
cba,1
intramuscularly,1
formalin-inactivated,1
a/vietnam/1194/2004,1
h5n1nibrg-14,1
h5n1,2
samples,2
7,1
12,5
14,2
21,2
immunization,1
infected,1
intranasally,1
a/indonesia/5/2005,1
h5n1idcdc-rg2,1
half,1
animals,4
receiving,2
mixture,1
antihistamines,2
67%,1
vaccinated,1
protected,1
lethality,1
43%,2
pbs-immunized,1
up,3
85%–95%,1
immunohistochemical,1
examination,4
cd117,1
staining,2
lungs,2
larger,1
quantity,1
activated,1
mock-immunized,1
histamine,3
blood,12
experimental,1
involvement,2
they,4
produce,1
incomplete,1
formation,1
response,15
vaccination,1
mismatch,1
vaccine,1
gestational,10
methylazoxymethanol,1
acetate,1
mam,6
produces,1
offspring,1
phenotype,4
relevant,1
schizophrenia,3
positive-,1
negative-like,1
symptoms,4
deficits,1
dopaminergic,1
dysfunction,4
abnormalities,2
show,2
prenatally,1
17,3
display,1
d3,7
prefrontal,1
cortex,1
pfc,2
nucleus,1
accumbens,1
d2,3
exclusively,1
change,1
perfusion,1
circle,1
willis,1
paralleled,1
enlargement,1
lateral,1
ventricles,1
detected,4
resonance,1
mri,2
techniques,1
peripubertal,2
non-euphoric,1
phytocannabinoid,1
cannabidiol,5
30 mg/kg,1
postnatal,1
pnd,2
19,3
39,1
reverse,1
exposed,2
i,1
up-regulation,1
partially,1
prevented,1
haloperidol,1
06 mg/kg/day,1
ii,3
regional,1
flow,7
modelling,1
predicted,1
bind,1
preferentially,1
where,1
act,1
agonist,1
conformation,1
ionic-lock,1
conserved,1
gpcrs,1
demonstrate,1
altered,4
transcript,1
suggesting,1
might,1
contribute,3
represent,1
unexplored,1
target,1
antipsychotic,1
timing,3
immunosuppressive,1
combination,1
transplant,1
haplo-hsct,3
standardized,3
schedules,1
immunosuppression,3
509,1
4,1
tacrolimus,1
n  215,1
cyclosporine,1
csa,1
mycophenolate,1
mofetil,1
mmf,1
5,5
n  170,1
csa  mmf,2
0,1
n  124,1
groups,8
younger,1
46,1
p  02,3
received,5
77%,1
p,9
,5
01,4
regimen,1
containing,1
thiotepa,1
fludarabine,1
busulfan,1
84%,1
44%,1
48%,1
59%,1
15,5
46%,1
53%,1
05,1
refined,1
disease-free,1
rgrfs,3
33%,1
39%,2
36%,2
grade,4
ii-iv,1
gvhd,2
25%,4
18%,1
24%,1
37%,1
26%,2
02,2
start,2
hazard,2
ratio,4
hr,6
58,1
improved,2
62,3
administered,2
improves,2
pivotal,1
synucleinopathy,2
parkinson’s,2
pd,29
mediated,2
neurotoxic,1
alpha-synuclein,1
another,1
dementia,7
lewy,1
bodies,1
dlb,6
recent,2
aimed,2
estimate,3
plasma,13
profile,3
synucleinopathies,3
pdd,6
interferon-gamma,1
ifn-gamma,2
interleukin,1
il-4,2
il-6,4
il-10,4
tumor,2
necrosis,1
factor,2
alpha,1
tnf-alpha,3
monocyte,1
chemoattractant,1
protein-1,1
mcp-1,2
estimated,1
28,1
individuals,2
controls,8
luminex,1
array,2
assessed,7
mini–mental,1
state,1
mmse,1
elevated,1
p  005,2
p  0001,3
p  0026,1
p  0032,1
same,2
differences,2
pronounced,3
demetia,1
metastatic,2
non-small-cell,2
lung,2
cancer,1
mnsclc,3
experience,1
first-,1
second-line,1
options,1
required,2
arctic,3
phase,3
iii,1
open-label,1
durvalumab,11
tremelimumab,9
versus,8
care,1
soc,12
≥,1
third-line,2
comprised,1
independent,3
sub-studies,1
126,1
≥25%,2
tcs,1
expressing,1
programmed,1
ligand-1,1
10 mg/kg,1
every,1
weeks,14
q2w,3
b,4
469,1
tc,3
3 ,1
durvalumab ,5
20,1
mg/kg ,1
mg/kg,4
q4w,2
then,2
34,3
10,3
q12w,1
end,4
points,3
progression-free,2
pfs,8
descriptive,1
117,1
063,1
95%,8
confidence,2
interval,2
ci,8
042–093,1
38,1
22,2
071,1
049–104,1
115,1
87,1
080,1
061–105,1
p ,2
0109,1
077,1
059–101,1
0056,1
treatment-related,1
3/4,1
97%,1
444%,1
220%,1
364%,1
heavily,1
pretreated,1
clinically,2
meaningful,2
improvements,2
numerical,1
profiles,2
consistent,2
previous,5
registration,1
clinicaltrialsgov,1
identifier,1
nct02352948,1
because,3
intervals,4
ris,7
biochemistry,2
analytes,7
matched,2
population,4
defined,2
joined,1
global,3
values,4
rvs,6
coordinated,1
ifcc,2
committee,1
decision,1
c-ridl,2
harmonized,1
793,1
healthy,1
volunteers,2
recruited,2
saint-petersburg,1
moscow,1
yekaterinburg,1
variation,2
explored,1
regression,2
partitioning,1
sex,3
judged,1
deviation,1
anova,1
latent,1
abnormal,1
exclusion,1
lave,2
applied,1
influence,3
metabolic,2
inappropriate,1
sampling,2
computed,2
parametric,1
appreciable,1
between-city,1
partition,1
age-related,1
especially,2
females,1
trend,1
exaggerated,1
nutritional,2
closely,1
mass,1
bmi,3
increases,2
prominently,1
bmi  28 kg/m2,1
excluded,2
determining,1
age-specific,2
effective,1
lowering,1
established,1
biochemical,2
up-to-date,1
detailed,1
consideration,2
similar,1
participating,1
countries,2
adequate,1
transplacental,1
passage,1
maternal,11
thyroid,11
hormone,2
normal,6
fetal,3
growth,1
overt,1
hypothyroidism,4
hyperthyroidism,1
birthweight,12
knowledge,1
gaps,1
remain,2
subclinical,4
function,10
birthweight—both,1
third,3
trimester,3
pregnancy,6
examine,1
associations,1
individual-participant,3
meta-analysis,2
searched,1
medline,1
ovid,1
embase,1
web,1
science,1
cochrane,1
register,2
trials,1
google,1
scholar,1
inception,1
2019,1
prospective,4
issued,1
invitations,1
identify,1
authors,2
join,1
consortium,1
pregnancies,2
in-vitro,1
fertilisation,1
pre-existing,1
usage,1
miscarriages,1
stillbirths,1
sga,5
neonates,2
large,1
newborn,1
analysed,1
mixed-effects,1
models,3
adjusting,1
ethnicity,1
parity,1
birth,3
pre-registered,1
reviews,1
crd42016043496,1
2526,1
published,1
reports,2
36,1
cohorts,3
met,1
inclusion,1
criteria,2
agreed,1
participate,2
five,1
unpublished,1
datasets,1
added,2
giving,1
48 145,1
mother–child,1
pairs,1
exclusions,1
whom,1
1275,1
3·1%,1
stimulating,1
tsh,4
free,1
thyroxine,1
ft4,4
929,1
2·2%,1
isolated,5
hypothyroxinaemia,3
higher,7
euthyroidism,2
11·8%,1
vs,2
10·0%,2
adjusted,2
difference,7
2·43%,1
0·43,1
4·81,1
odds,1
1·24,1
1·04,1
1·48,1
p0·015,1
mean,5
−38,1
−61,1
−15,1
p0·0015,1
measurement,2
7·3%,1
−2·91,1
−4·49,1
−0·88,1
0·70,1
0·55,1
0·91,1
p0·0073,1
45,1
73,2
p0·0012,1
sd,2
6,2
–10,1
−2,1
p0·0030,1
estimates,1
women,2
peroxidase,1
negative,1
pinteraction0·10,1
–25,1
−17,1
p0·0001,1
interpretation,1
inverse,1
dose-response,1
within,2
advance,1
understanding,4
complex,3
relationships,1
prompt,1
careful,1
risks,1
benefits,1
levothyroxine,1
funding,1
netherlands,1
organization,1
grant,1
40116020,1
lorlatinib,6
third-generation,1
tyrosine-kinases,1
inhibitor,2
tki,1
targeting,1
alk/ros1,3
fusions,1
fda,1
approved,1
tki-pretreated,1
alk,7
nsclc,9
approval,1
ros1,5
pending,1
largest,1
real-world,1
harboring,1
rearrangements,1
123,2
enrolled,4
retrospectively,1
cut-off,1
1/1/2019,1
program,1
investigator,1
upon,1
recist,1
11,1
106,1
8,3
included,2
males,2
never-smokers,2
metastases,4
extracranial,1
ec,2
intracranial,2
ic,2
rates,2
rr,2
60,1
control,3
dcr,2
91,1
88,1
dot,3
239  16,1
mos,4
891  196,1
53,1
65,2
67,1
92,1
78,1
181  25,1
903  244,1
significantly,3
parameters,3
edema,1
48,1
hyperlipidemia,1
47,1
weight,1
gain,1
25,1
fatigue,1
1–2,2
shows,1
outstanding,1
ec/ic,1
89  19,1
supports,1
90  24,1
unprecedented,1
diabetes,4
mellitus,2
dysregulation,1
complications,2
suffer,1
diabetic,5
polyneuropathy,1
involves,1
presence,3
nerve,7
synthetic,1
arginine-rich,2
exendin-4,1
peptide,5
d,5
caused,1
neuropathy,2
induced,1
administering,1
streptozotocin,1
stz,1
10 μg/kg,1
byetta®,3
1 μg/kg,1
80,1
neuropathic,2
pain,2
tactile,3
allodynia,3
stz-treated,2
showed,3
unlike,1
naïve,3
histological,1
diameter,2
sciatic,3
fibers,2
smaller,2
ihc,1
myelin,1
mbp,2
resulted,1
myelinated,1
poly-arginine,1
peptides,1
promising,1
polyneuropathies,1
pattern,1
auditory,4
preterm,3
children,17
longitudinal,1
271,1
aged,2
old,1
divided,2
70,1
32–36,1
201,1
22–31,1
hearing,8
abr,1
assr,1
oae,1
audiometry,2
pure,1
tone,1
additionally,1
some,2
ct,1
gbj2,1
evaluations,1
assessments,1
3–4,2
times,4
year,4
under,3
2–3,2
over,1
infants,3
problems,1
examined,1
annual,1
snhl,2
ansd,3
257%,1
64,1
318%,1
occurrence,1
assessment,2
child,1
kinds,1
noted,1
loss,1
transformation,1
vice,1
versa,1
discussed,2
article,1
prematurely,1
born,3
tends,1
unstable,1
deteriorate,1
improve,1
before,3
weeks’,1
gestation,5
require,1
least,4
until,1
caution,1
advised,1
cochlear,1
implantation,1
32,1
introduction,2
single-arm,1
ascend-3,2
ceritinib,4
anaplastic,1
lymphoma,1
kinase,1
alki–naive,1
alk-rearranged,2
lines,3
chemotherapy,1
final,2
eligible,1
asymptomatic,1
neurologically,1
stable,1
oral,1
750,1
mg/day,1
fasted,1
investigator-assessed,2
orr,3
secondary,1
blinded,2
committee–assessed,2
investigator-,1
patient-reported,1
124,1
984%,1
antineoplastic,1
medications,2
250%,1
regimens,1
49,1
395%,1
baseline,2
cutoff,1
january,1
521,1
484–601,1
677%,1
588–759,1
166,1
110–232,1
513,1
427–553,1
grades,1
≥60%,1
all-causality,1
diarrhea,1
855%,1
nausea,1
782%,1
vomiting,1
718%,1
145%,1
event,1
discontinuation,1
health-related,1
quality,1
maintained,1
chemotherapy-pretreated,1
alki-naive,2
possibilities,1
angioprotection,1
osteonecrosis,3
given,3
bisphosphonates,1
experiment,1
27,1
injected,1
saline,3
zoledronic,5
acid,6
doses,1
sulodexide,3
constructed,1
teeth,1
extracted,2
velocity,1
linear,1
periodontal,1
area,1
tooth,1
high-frequency,1
doppler,1
ultrasound,1
vasoactive,1
substance,2
acetylcholine,1
3%,1
1min,1
structure,1
bony,3
tissues,2
head,1
microcirculation,4
mucous,4
membranes,3
greater,1
extent,1
tissue,5
causes,1
periosteal,1
includes,1
cellular,2
component,1
endothelium-dependent,1
vasodilation,3
membrane,1
vessels,1
reducing,1
restoration,1
reduces,1
subcortical,1
pathways,3
motor,7
spinal,6
cord,4
injury,3
sci,7
animal,1
descending,2
interlimb,4
lumbosacral,4
excitability,2
humans,1
ulnar,3
transcutaneous,1
condition-test,1
paradigm,1
connections,1
linking,2
cervical,1
segments,1
non-injured,1
n15,1
injured,1
n18,1
spinally,2
evoked,2
responses,3
semrs,2
7/7,1
volitional,3
leg,2
muscle,2
activation,6
6/11,1
rostral,1
innervation,1
entry,1
zones,1
modulation,1
pools,1
via,2
projections,1
exist,1
absence,1
significance,1
sub-clinical,1
spared,1
residual,1
rehabilitation,1
macrophages,11
regulation,1
morphogenetic,2
placenta,1
roles,5
unclear,1
placental,8
hofbauer,1
characterize,1
steps,2
production,8
intracellular,2
synthesis,1
secretion,4
compare,1
secretory,1
villous,2
placentas,1
9–12,1
38–40,1
determined,1
cytometry,2
secreted,1
quantified,1
cytometric,1
bead,1
patterns,6
il-1,1
il-8,2
tnfα,2
basal,2
stimulated,1
endotoxin,1
il-11,2
il-17a,1
il-17f,1
tgf-β,1
vegf,1
constitutive,1
did,2
respond,1
age-dependent,1
il-17,1
third-trimester,1
first-trimester,1
comparison,1
suggested,1
intraplacental,1
extraplacental,2
discussion,1
would,1
safe,1
assume,1
correspond,1
attenuated,1
supposedly,1
local,1
confined,1
mutations,2
glucocerebrosidase,1
gba,2
cause,1
gaucher,2
gd,6
lysosomal,4
storage,1
disorder,1
lsd,1
parkinson's,4
lysosome,1
functionality,1
plays,1
extracellular,2
vesicles,2
evs,5
content,1
terms,1
amounts,1
cargo,1
sequential,1
centrifugation,1
сryo-electron,1
microscopy,1
cryo-em,3
nanoparticle,1
tracking,1
nta,2
light,1
scattering,1
dls,2
exosomal,3
hsp70,2
tetrasponins,1
profiling,2
mass-spectrometry,1
shotgun,1
morphology,2
exosomes,4
derived,1
р00001,1
confirmed,1
mode,1
p  002,1
double,1
multilayer,1
enriched,1
surface,1
cd9,1
сd63,1
cd81,1
exosome-associated,1
proteomic,1
proteins,3
thus,2
striking,1
alteration,1
perform,1
postural,3
neuropsychiatric,2
tremor,2
et,8
phenotypes,1
combined,1
et-pd,5
169,1
10–20,1
111,1
advanced,3
25–30,1
hoehn,1
yahr,1
scale,1
26,1
non-motor,1
stabilometry,2
etpd,4
milder,1
parkinsonism,2
posture,1
walking,1
discovered,1
indexes,2
stabilometric,2
although,1
helpful,1
helps,1
expand,1
highlighted,1
autophagy,3
pathway,2
alp,8
genes,5
lrrk2,1
harbor,1
α-synuclein,1
encoded,1
snca,2
degraded,1
mainly,1
mutations/multiplications,1
chaperone,1
functions,2
pd-related,1
prkn,1
pink1,1
tmem175,1
smpd1,1
ctsd,1
ctsb,1
relationship,1
crucial,1
uncovering,1
long-awaited,1
neuroprotective,1
will,3
atypical,1
forms,1
elucidate,1
dynamical,3
complexity,3
impulse,1
sensory,2
neurons,6
emergence,3
antinociceptive,3
painful,1
stimulus,1
solve,1
problem,1
bifurcation,1
enabled,1
us,1
relations,1
nociceptive,2
neuron,1
shown,1
mechanism,6
suppression,3
ectopic,1
bursting,1
discharges,2
base,1
potassium,1
blocking,1
connected,1
entirely,2
modification,1
gating,1
nav18,1
sodium,1
channels,1
action,4
comenic,1
non-opioid,1
analgesic,3
anoceptin,1
explain,1
metoclopramide,8
widely,1
abortive,1
migraine,4
advantage,1
having,1
antiemetic,1
anti-cephalalgic,1
elucidated,1
taking,1
account,1
key,1
trigeminovascular,5
pathophysiology,1
investigate,1
neurogenic,2
dural,3
valid,1
electrophysiological,1
neurovascular,1
nociception,2
recordings,1
second-order,1
dura-sensitive,1
trigeminocervical,1
tcc,2
anaesthetised,1
cumulative,2
infusion,2
30 min,1
5 mg/kg,2
iv,2
step,2
n  8,2
dose-dependently,1
suppressed,1
firing,1
maximally,1
30%0–49%,1
medianq1-q3,1
4%0–30%,1
p  0001,1
contrast,1
separate,1
n  6,2
vehicle,1
p  005,1
unable,1
does,1
suppress,1
anti-migraine,2
neurophysiological,1
therapeutic,2
lipopolysaccharidein,1
affects,1
disturbances,1
disrupts,1
metabolism,1
immunoassay,1
biological,1
dynamics,1
simulation,1
checkpoints,1
predictor,1
tms/tes,1
eight-year,1
european,2
society,2
party,2
drinkers,1
daily,1
degranulation,1
release,1
influenza-sensitized,1
reversed,1
behalf,1
synucleinophaties,1
cancer☆,1
establishing,1
major,1
part,1
glass,1
real,1
exenatide,1
premature,1
of ceritinib,1
bisphosphonate,1
instability,1
overlapping,1
genetics,1
