,Unnamed: 0,СЛОВО,Abstract:,in,an,role,the,pathogenesis,of,cognitive,and,possible,mechanisms,these,is,changes,properties,We,suggest,that,during,early,which,for,excitatory,can,affect,In,present,"study,",we,investigated,effect,on,expression,revealed,a,decrease,at,using,analysis,reaction,were,also,found,The,rats,exhibited,decreased,activity,test,spatial,accompanied,by,significant,reduction,long-term,Our,data,period,receptor,exposure,to,may,effects,central,neuronal,from,are,not,well,but,inflammatory,aim,this,study,was,levels,It,day,observed,concentration,increased,30,reduced,with,cytokine,both,There,increase,high,specific,each,studied,after,time,as,it,often,Russian,family,disease,had,many,sexual,could,have,any,number,common,analyzed,no,evidence,or,other,acute,failure,due,tract,most,such,than,known,be,their,clinical,This,development,method,six,optimal,antibody,A,its,With,between,sensitivity,approach,developed,used,establish,lower,For,total,1,These,those,standard,relatively,further,has,potential,various,including,targeted,drug,"However,","use,",research,remains,"work,",studied.,serum,cell,platelet,cells,dynamic,obtained,molecular,our,evaluated,whether,level,different,molecules,course,patients,syndrome,cohort,treated,detect,association,overall,relapse-free,survival,follow-up,low,majority,patients.,associated,incidence,while,group,only,risk,according,"Conclusions
",studies,heterogeneity,treatment,"Background
",COVID-19,pandemic,stimulation,systematic,provide,intervention,mental,health,need,consequences,related,To,access,current,future,importance,all,intensity,"Methods
",paper,provides,through,–,"Results
",model,based,three,adverse,social,positive,across,"Conclusion
",proposed,Data,markers,multiple,been,findings,distinct,"patients,",characterized,one,assess,rate,severity,An,among,compared,age,correlated,value,late,support,"Summary
",patient,observational,adult,who,two,years,underwent,complete,visual,Main,outcome,Clinical,features,report,case,chronic,outcomes.,process,Patients,"ABSTRACT
",hematopoietic,transplantation,leukemia,without,stem,factors,identified,median,"age,",post-transplantation,cyclophosphamide,duration,living,months.,2-year,relapse,mortality,respectively.,graft-versus-host,OS,first,Transplantation,affected,results,particularly,when,performed,limitation,type,into,body,conditioning,HIV-positive,people,comparative,effectiveness,reported,HIV,therapy,four,St.,"Petersburg,",Russia.,randomly,either,All,participants,per,3,evaluate,animals,receiving,67%,group.,involvement,they,response,change,blood,detected,19,39,bind,partial,"summary,",demonstrate,contribute,schizophrenia,symptoms,target,2,more,received,regimen,busulfan,"years,",44%,"2,",grade,II-IV,GVHD,25%,start,ratio,improved,outcomes,limited,aimed,factor,estimated,28,disorders,system.,assessed,controls,same,differences,cancer,±,versus,care,"methods
",comprised,independent,12,months,every,then,10,(OS),[95%,(95%,groups,consistent,previous,matched,population,healthy,recruited,tested,applied,No,increases,excluded,effective,established,biochemical,similar,Adequate,important,remain,function,examine,searched,"2019,",prospective,identify,large,"sex,","Findings
",published,five,whom,free,higher,CI,mean,(mean,women,negative,"Interpretation
",within,complex,risks,"Funding
",inhibitor,enrolled,therapy.,included,rates,control,significantly,presence,dysfunction,new,caused,pain,showed,diameter,pattern,involved,aged,groups:,some,times,year,5,over,examined,assessment,before,least,stable,primary,"rate,",Of,acid,After,substance,structure,use,causes,"however,",reduces,motor,spinal,animal,responses,modulation,via,participate,patterns,did,respond,cells.,local,cause,disorder,extracellular,terms,light,confirmed,surface,"Thus,",perform,combined,Using,parameters,conducted,recent,pathway,relationship,forms,neurons,shown,activation,"pain.
",widely,key,investigate,electrophysiological,cumulative,does,functions,Post-Transplantation,Cyclophosphamide,Acute,Lymphoblastic,Society,Association,"study,
",Results
0,0,ВСТРЕТИЛОСЬ_РАЗ_в_2020,30,229,20,6,332,4,367,5,317,4,9,7,37,12,1,18,4,33,11,13,9,83,2,3,4,13,4,4,22,2,10,35,20,6,68,1,27,13,7,2,76,9,6,56,12,2,4,5,2,1,3,45,7,8,5,4,12,2,6,5,123,15,7,3,1,31,22,16,5,7,5,5,16,24,85,10,3,8,8,3,17,1,2,137,11,12,6,7,3,5,3,6,14,7,25,4,2,5,1,17,13,4,1,5,8,5,4,8,3,5,6,20,8,7,1,2,4,9,7,11,1,14,8,15,5,3,4,4,2,3,12,4,3,10,2,1,3,6,1,10,3,3,7,4,6,3,1,3,7,5,2,11,1,2,3,3,7,1,1,2,1,7,1,5,3,4,5,8,4,1,13,5,3,3,55,2,8,7,1,6,8,3,13,8,5,2,4,14,4,5,19,9,10,2,4,4,1,13,4,9,4,3,3,3,1,3,4,4,1,2,6,2,4,4,3,4,2,11,2,1,4,1,10,4,3,8,7,1,2,1,7,1,1,4,7,7,3,1,3,5,5,1,3,5,4,3,19,11,3,1,5,1,2,4,1,3,5,6,6,2,2,4,1,5,1,4,2,3,3,1,1,6,2,2,1,2,6,2,1,3,9,4,2,2,4,1,4,3,2,3,5,2,7,8,3,5,8,1,2,3,1,2,4,2,4,4,1,3,1,5,2,8,1,2,2,1,1,3,1,5,3,5,3,1,2,1,2,2,4,12,1,9,4,3,1,1,1,1,1,3,2,2,1,9,7,5,1,1,2,1,3,4,1,2,1,2,4,2,2,1,2,2,1,1,1,1,7,7,2,2,1,1,8,1,1,1,1,3,13,1,2,3,1,1,6,5,2,5,2,3,1,2,1,1,3,2,2,1,1,2,1,1,3,2,9,1,1,1,3,1,1,1,1,1,1,1,1,7,1,2,2,2,1,1,2,3,1,1,2,3,1,2,2,3,3,3,3,2,1,1,3,2,1,1,1,2,2,4,4,2,1,1,2,3,4,1,1,2,2,5,1,2,1,1,1,1,1,6,6,1,3,1,2,1,6,2,1,1,1,1,1,1,1,1,1,1,2,1,1,1,2,2,1,2,1,1,5,1,2,1,1,1,1,1,1,1,1,2,2,3,1,2,1,1,1
1,0,ВСТРЕТИЛОСЬ_РАЗ_в_2021,31,263,24,1,382,2,359,3,294,3,4,12,42,8,3,21,3,31,4,5,7,70,4,7,1,17,4,3,14,1,12,45,12,5,88,2,27,19,10,1,70,13,6,61,7,1,6,7,1,8,1,32,9,11,3,6,12,1,2,3,124,10,12,2,3,28,19,20,5,11,1,3,22,25,92,9,2,3,12,3,9,1,3,140,1,8,3,9,9,5,6,6,16,7,22,5,2,2,1,17,9,1,3,8,13,1,7,3,4,17,4,35,7,7,2,5,1,7,4,8,2,19,9,8,10,4,3,4,2,1,13,12,2,13,3,1,2,8,1,4,1,2,7,3,2,1,1,5,4,5,4,7,2,1,4,6,1,1,1,1,8,6,1,11,1,4,4,3,3,2,7,3,3,1,83,1,2,3,1,3,5,1,10,4,4,1,9,12,5,1,3,8,10,3,4,6,1,19,6,5,7,2,1,4,2,3,8,1,3,3,6,3,2,1,1,8,2,5,1,1,3,1,6,7,7,4,7,1,3,3,3,3,2,2,1,5,3,1,9,5,6,2,3,2,4,3,12,5,1,1,2,1,2,6,1,2,9,6,2,3,3,7,3,3,1,2,1,1,10,1,1,8,2,1,2,5,5,4,3,2,9,1,1,1,2,2,2,2,12,4,2,2,2,3,2,2,8,2,1,4,1,5,3,2,2,3,3,1,1,2,6,8,3,3,3,2,3,3,5,3,4,14,5,2,4,2,1,2,1,12,3,9,2,1,1,1,1,1,2,1,1,1,1,10,8,11,1,1,3,1,2,11,2,4,3,1,2,2,5,2,4,4,4,1,1,1,1,5,4,2,7,6,9,11,2,2,3,3,8,3,1,4,1,1,4,2,1,2,2,6,2,1,2,2,4,1,1,5,1,1,7,1,2,2,2,2,1,2,2,2,3,1,2,1,1,1,4,7,2,1,1,2,3,2,8,3,1,2,1,3,4,5,1,4,5,2,2,3,2,10,7,1,1,6,1,1,2,2,1,8,2,2,2,3,5,1,6,1,1,1,3,5,5,12,2,4,2,1,1,1,11,1,3,1,6,4,1,1,1,1,2,1,1,3,1,5,4,1,1,6,3,2,2,1,1,1,11,6,6,2,1,4,2,1,2,1,1,1,1,2,1,2,2,3,1
2,0,ВСТРЕТИЛОСЬ_РАЗ_в_2022,21,147,12,4,217,2,229,5,249,2,4,6,29,7,2,23,1,24,9,2,8,53,1,6,2,18,1,1,15,3,8,32,2,3,67,2,10,5,10,1,72,7,4,35,2,1,1,4,1,2,1,37,3,2,1,5,20,3,1,1,98,4,9,1,3,21,13,21,4,9,2,1,15,15,47,12,4,1,7,1,1,1,2,104,1,11,2,3,5,1,2,2,13,8,19,2,1,4,4,12,14,2,11,3,13,3,4,1,4,3,3,20,7,5,1,1,1,2,4,6,1,15,8,17,7,1,4,1,1,2,8,6,3,17,2,3,3,6,1,3,2,4,2,5,1,1,1,5,7,3,4,2,1,3,3,2,2,1,1,1,3,6,5,5,1,4,2,2,2,4,3,3,1,2,39,2,5,4,2,8,9,3,10,1,1,3,3,15,2,1,4,5,10,1,5,9,2,8,6,6,3,4,2,3,1,6,8,3,2,2,2,1,1,2,1,3,1,9,1,1,1,3,8,7,4,3,3,2,1,2,3,2,2,1,2,8,4,1,5,2,5,2,3,3,1,10,10,6,3,1,1,3,2,2,1,2,13,3,4,4,1,6,1,1,1,2,2,1,7,1,1,5,1,4,4,1,1,5,6,6,5,2,1,1,1,2,3,2,3,2,3,2,1,7,2,2,7,1,2,6,1,1,3,1,4,3,2,1,1,7,12,2,2,2,2,1,1,2,2,3,1,2,2,2,1,1,1,2,4,4,2,9,3,2,2,1,1,1,1,3,6,1,1,2,7,1,2,1,1,1,1,2,1,6,1,1,1,1,5,1,2,1,2,1,9,1,4,3,1,2,4,1,7,2,1,2,1,3,6,1,1,1,1,1,1,4,2,1,2,2,7,2,1,2,1,3,1,2,1,6,4,1,1,1,13,1,2,1,4,2,1,1,2,3,2,1,2,9,2,1,2,14,2,2,1,3,2,2,1,1,1,8,2,2,3,2,7,2,1,1,3,1,1,2,4,2,6,2,1,2,4,1,1,3,1,2,1,1,1,2,3,3,1,14,1,4,1,2,3,2,3,2,1,1,2,3,1,1,1,2,3,2,2,1,1,1,1,2,2,2,4,1,2,1,6,1,3,5,2,1,1,2,2,3,1,2,2,1,1,1,1,2,1,1,1
